{"line0":[[1500.5557276318918,1354.0049716558792],[1257.882717338124,879.9554178944866],[873.4771017420643,-261.81143898369567],[-861.0270783003957,-373.5565325645644]],"line1":[[-516,445],[-416,445],[-223,342],[-30,239],[70,235],[170,262],[270,377],[380,529],[500,574],[610,568],[710,543],[880,464],[1020,359],[1180,340],[1290,355],[1410,402],[1550,436],[1700,442],[1800,413],[1900,384],[2000,384]],"line2":[[1834,-140],[1734,-140],[1634,-140],[1420,-140],[1310,-60],[1200,20],[920,85],[790,188],[640,342],[470,347],[310,331],[160,383],[30,576],[-100,769],[-300,769],[-400,769],[-500,769]],"line3":[[-600,-80],[-500,-80],[-240,-60],[20,-40],[160,10],[290,204],[430,245],[580,242],[810,210],[910,223],[1020,322],[1120,579],[1270,607],[1370,602],[1480,581],[1590,596],[1700,684],[1810,772],[1910,772]],"line4":[[-500,843],[-400,843],[-300,843],[-190,843],[-90,743],[10,643],[120,631],[270,568],[410,505],[610,494],[720,552],[820,621],[960,632],[1130,585],[1230,546],[1330,529],[1440,601],[1540,678],[1670,637],[1800,570],[1950,511],[2100,452],[2200,452]],"line5":[[-534,569],[-434,569],[-202,486],[30,403],[160,507],[280,571],[410,610],[520,618],[670,607],[820,555],[940,486],[1100,386],[1250,384],[1370,428],[1490,576],[1590,632],[1700,632],[1850,555],[2000,478],[2100,478]],"line6":[[-500,941],[-400,941],[-300,941],[-190,941],[-90,841],[10,741],[170,733],[320,662],[440,548],[590,475],[690,472],[800,479],[960,491],[1170,444],[1300,356],[1440,235],[1570,196],[1730,201],[1830,193],[1930,185],[2030,185]],"line7":[[-534,812],[-434,812],[-202,712],[30,612],[140,576],[310,505],[520,411],[710,433],[840,504],[980,522],[1080,480],[1230,330],[1350,212],[1460,198],[1630,257],[1760,251],[1880,159],[2000,67],[2100,67]],"line8":[[-470,585],[-370,585],[-140,444],[90,303],[280,168],[400,124],[530,126],[630,163],[730,265],[830,414],[970,521],[1180,570],[1290,560],[1410,518],[1530,461],[1680,389],[1780,355],[1880,353],[1980,351],[2080,351]],"line9":[[-588,558],[-488,558],[-224,458],[40,358],[200,344],[350,366],[490,457],[620,529],[790,548],[920,502],[1070,428],[1210,410],[1360,466],[1470,468],[1630,389],[1790,275],[1950,161],[2050,161]],"line10":[[2000,139],[1900,139],[1740,127],[1580,115],[1470,113],[1350,127],[1240,180],[1120,260],[990,297],[830,293],[670,281],[470,314],[350,391],[210,455],[100,474],[-10,493],[-300,493],[-400,493],[-500,493]],"line11":[[2040,580],[1940,580],[1830,582],[1720,584],[1600,596],[1490,617],[1380,631],[1270,617],[1140,543],[980,482],[800,479],[680,508],[580,537],[480,548],[350,504],[210,399],[90,298],[-30,197],[-300,197],[-400,197],[-500,197]],"line12":[[2070,146],[1970,146],[1830,265],[1690,384],[1480,373],[1360,330],[1180,273],[1070,257],[940,275],[840,275],[700,264],[550,235],[390,179],[220,127],[120,115],[20,103],[-300,103],[-400,103],[-500,103]],"line13":[[2100,511],[2000,511],[1800,551],[1600,591],[1480,566],[1290,511],[1120,529],[1000,552],[830,570],[590,570],[450,551],[270,474],[90,397],[-300,397],[-400,397],[-500,397]],"line14":[[1970,818],[1870,818],[1730,703],[1590,588],[1410,530],[1280,552],[1080,617],[950,584],[840,490],[690,468],[590,474],[470,499],[370,435],[260,260],[150,85],[-300,85],[-400,85],[-500,85]],"line15":[[1990,716],[1890,716],[1790,642],[1690,568],[1580,513],[1400,494],[1230,538],[1090,562],[980,560],[830,505],[730,375],[620,207],[450,126],[340,96],[170,52],[0,8],[-300,8],[-400,8],[-500,8]],"line16":[[2160,177],[2060,177],[1830,218],[1600,259],[1460,235],[1270,149],[1160,113],[1030,119],[930,157],[800,213],[660,243],[530,220],[420,193],[240,88],[90,61],[-250,60],[-590,59],[-690,59]],"line17":[[2110,316],[2010,316],[1820,282],[1630,248],[1470,306],[1280,320],[1150,246],[960,127],[780,126],[620,130],[480,77],[360,39],[160,44],[-40,49],[-300,49],[-400,49],[-500,49]],"line18":[[2070,481],[1970,481],[1790,461],[1610,441],[1490,436],[1260,477],[1090,483],[910,474],[790,417],[670,340],[550,276],[380,253],[230,226],[70,115],[-90,4],[-300,4],[-400,4],[-500,4]],"line19":[[2010,509],[1910,509],[1790,450],[1670,391],[1470,337],[1330,336],[1180,384],[1050,441],[940,469],[800,457],[690,414],[590,340],[400,224],[280,185],[170,176],[40,176],[-90,176],[-300,176],[-400,176],[-500,176]]}